{"cameraMode":{"drawMode":0,"name":"Shaded","section":"Shading Mode"},"sceneLighting":true,"audioPlay":false,"sceneViewState":{"showFog":true,"showMaterialUpdate":false,"showSkybox":true,"showFlares":true,"showImageEffects":true,"showParticleSystems":true,"showVisualEffectGraphs":true,"m_FxEnabled":true},"in2DMode":false,"pivot":{"x":0.1737188696861267,"y":0.02770107239484787,"z":12.347819328308106},"rotation":{"x":0.2874920964241028,"y":0.5252304077148438,"z":-0.19428595900535584,"w":0.7771573662757874},"size":2.599702835083008,"orthographic":false}