{"cameraMode":{"drawMode":0,"name":"Shaded","section":"Shading Mode"},"sceneLighting":true,"audioPlay":false,"sceneViewState":{"showFog":true,"showMaterialUpdate":false,"showSkybox":true,"showFlares":true,"showImageEffects":true,"showParticleSystems":true,"showVisualEffectGraphs":true,"m_FxEnabled":true},"in2DMode":false,"pivot":{"x":1.9494450092315674,"y":-0.7148510217666626,"z":11.313944816589356},"rotation":{"x":0.2372369021177292,"y":0.7136619687080383,"z":-0.28494134545326235,"w":0.5944536328315735},"size":1.5860064029693604,"orthographic":false}