{"cameraMode":{"drawMode":0,"name":"Shaded","section":"Shading Mode"},"sceneLighting":false,"audioPlay":false,"sceneViewState":{"showFog":true,"showMaterialUpdate":false,"showSkybox":false,"showFlares":true,"showImageEffects":true,"showParticleSystems":true,"showVisualEffectGraphs":true,"m_FxEnabled":true},"in2DMode":false,"pivot":{"x":2.1301612854003908,"y":-1.4308582544326783,"z":17.798564910888673},"rotation":{"x":0.040333617478609088,"y":-0.15049442648887635,"z":0.006181049160659313,"w":0.9879007935523987},"size":5.008448600769043,"orthographic":false}